iter,Energy,sigma_E,Mx,sigma_Mx,Mz,sigma_Mz,Mz_AFM,sigma_Mz_AFM,Mz_AFM_sq,sigma_Mz_AFM_sq,Ntot,sigma_Ntot,accept
0,-60.25152928379001,0.0023806479248075934,-0.3356488487669733,0.0010399588884545616,-0.0001239776611328125,0.0002816473172045238,-0.021631240844726562,0.041240807760600816,nan,nan,nan,nan,0.06812016169230144
1,-60.25763909898387,0.002016262842867466,-0.3340298968164037,0.001057611864284566,-0.000415802001953125,0.00030825480071159533,-0.017856597900390625,0.04129501369805155,nan,nan,nan,nan,0.06498495737711589
2,-60.261342969179154,0.001738133497325657,-0.33126784360075534,0.000989480221594816,4.38690185546875e-05,0.0003157452302684495,-0.018648147583007812,0.04132537125874435,nan,nan,nan,nan,0.06379270553588867
3,-60.26245283588677,0.0015923804847092085,-0.33193568162824605,0.0010048229192146452,-0.0001659393310546875,0.00029319997938951817,-0.018354415893554688,0.04133939208004417,nan,nan,nan,nan,0.06322193145751953
4,-60.26606149164729,0.0014400994645750482,-0.3292308732869067,0.0010156551706983082,-9.34600830078125e-05,0.0002955486439170748,-0.015039443969726562,0.04136020482743367,nan,nan,nan,nan,0.06272665659586589
5,-60.27088484785541,0.0013261358712301468,-0.32629809177812386,0.0010224633342537132,-1.1444091796875e-05,0.0003090018381426625,-0.01457977294921875,0.04144145089301557,nan,nan,nan,nan,0.06157700220743815
6,-60.272107639848414,0.0012501162007226975,-0.32579102424199413,0.0010263013545542341,-8.0108642578125e-05,0.00030985202703955294,-0.014080047607421875,0.04145547115199992,nan,nan,nan,nan,0.06118615468343099
7,-60.27208570046754,0.001145228643450942,-0.3250247229113835,0.0010489360007464523,-1.71661376953125e-05,0.0003003988827713811,-0.014688491821289062,0.04146161581333722,nan,nan,nan,nan,0.06031529108683268
8,-60.27427844982473,0.0010455000208830993,-0.321714911793568,0.0009964100555790083,0.0002689361572265625,0.0002783171984135671,-0.017663955688476562,0.0414704869796328,nan,nan,nan,nan,0.05987405776977539
9,-60.27546629574115,0.0009786150631036759,-0.3224545970523358,0.0009890252354780643,3.814697265625e-05,0.0002999406170034912,-0.0178070068359375,0.041512288703662435,nan,nan,nan,nan,0.05953534444173177
10,-60.2772431509349,0.0008965354919154713,-0.32049526538725603,0.000982104649990895,4.1961669921875e-05,0.00027828376492085793,-0.018161773681640625,0.04154904874627325,nan,nan,nan,nan,0.05909442901611328
11,-60.27822697627786,0.0008229512422198472,-0.32070961037773194,0.0010404281823543093,-3.0517578125e-05,0.0002983492022153176,-0.01849365234375,0.041554871027512374,nan,nan,nan,nan,0.05870215098063151
12,-60.27831003925943,0.0008192232520964034,-0.3193119307017166,0.0010214618618508877,0.0003528594970703125,0.0002913824132110029,-0.019933700561523438,0.04153497800506902,nan,nan,nan,nan,0.05843369166056315
13,-60.279449633882805,0.0007233225099121534,-0.3177783301700824,0.0010549075270048093,-0.0003223419189453125,0.00028150822555889104,-0.017202377319335938,0.041557250172588996,nan,nan,nan,nan,0.05800406138102213
14,-60.281061874209904,0.000663384852389791,-0.3167853236155427,0.001033015790058921,-0.0003948211669921875,0.00028405608904833737,-0.014379501342773438,0.04163556543332897,nan,nan,nan,nan,0.057706991831461586
15,-60.28091418272968,0.0006144137948119421,-0.3172274116390803,0.0010777002363336432,0.000431060791015625,0.00031031948069160917,-0.01514434814453125,0.04163438494842684,nan,nan,nan,nan,0.05759763717651367
16,-60.28024372981849,0.0006154498297241293,-0.31733862063068563,0.0009915664028679189,6.103515625e-05,0.00029058129346638725,-0.0146026611328125,0.04162239518636421,nan,nan,nan,nan,0.057555834452311196
17,-60.280767629205116,0.0005810142781414017,-0.31638603475193255,0.0010133702529560849,5.53131103515625e-05,0.00027631786318955243,-0.014047622680664062,0.041634330565000356,nan,nan,nan,nan,0.05723269780476888
18,-60.28107292088061,0.0005138530010726667,-0.3160380608503939,0.0010206745546384199,0.0001239776611328125,0.0002838987563745001,-0.014974594116210938,0.04164177316102524,nan,nan,nan,nan,0.05663935343424479
19,-60.28231921091614,0.0004974071856205704,-0.3153894650070823,0.0010363221193323917,0.0001583099365234375,0.0003015031656003522,-0.014741897583007812,0.041671178761698756,nan,nan,nan,nan,0.05648358662923177
20,-60.281970618024545,0.00045981729702389306,-0.3143283693414438,0.0009640005090956241,0.0003032684326171875,0.0002899773625641109,-0.015207290649414062,0.04167168489286898,nan,nan,nan,nan,0.056368509928385414
21,-60.28240313849408,0.000491393933431737,-0.31258352109849374,0.0010133044987229087,0.000225067138671875,0.0002911991371411752,-0.021305084228515625,0.041701194109591506,nan,nan,nan,nan,0.05630636215209961
22,-60.28251143266888,0.0004222560157197937,-0.31377982757701084,0.0010385842921224113,-0.0002593994140625,0.00030511542557878983,-0.02203369140625,0.04168832195311799,nan,nan,nan,nan,0.055977821350097656
23,-60.28233331331694,0.00040296319547298545,-0.31402165995781695,0.0010394344943556756,0.0001926422119140625,0.00027627651087860905,-0.023748397827148438,0.04164383826587257,nan,nan,nan,nan,0.05591424306233724
24,-60.282548983188185,0.0003757908998796546,-0.3137303576863728,0.0009609618338103013,0.0002841949462890625,0.00029559374229619204,-0.019479751586914062,0.041668027094210955,nan,nan,nan,nan,0.055753231048583984
25,-60.28291618664463,0.0003565557961292936,-0.31390213343837003,0.000987087032957273,-8.7738037109375e-05,0.0002870281952985431,-0.017978668212890625,0.04170637968324478,nan,nan,nan,nan,0.05562035242716471
26,-60.28286124493963,0.00033204704344380793,-0.3151956084244125,0.0009945293788793089,-7.05718994140625e-05,0.0003053683994616069,-0.018327713012695312,0.04168872116506304,nan,nan,nan,nan,0.055675506591796875
27,-60.282927334038234,0.0003708143164450173,-0.3118720226672934,0.0010107689993851272,-0.0002460479736328125,0.0002859528344887834,-0.018873214721679688,0.04172903286922846,nan,nan,nan,nan,0.055507659912109375
28,-60.28288724296216,0.00030072069647249224,-0.3140054641006145,0.0009934495566288704,0.0004444122314453125,0.0002771697632807205,-0.017782211303710938,0.041706719731625944,nan,nan,nan,nan,0.05553356806437174
29,-60.28291350964396,0.00030111826411555404,-0.31418227187363224,0.0009748261201597513,-1.9073486328125e-05,0.0002899785019693393,-0.01793670654296875,0.04169884496337257,nan,nan,nan,nan,0.05574448903401693
30,-60.28297809014677,0.0003604528962916806,-0.31237568351145406,0.000950475506037593,1.33514404296875e-05,0.0002784788072095137,-0.016065597534179688,0.041702097812289465,nan,nan,nan,nan,0.05536715189615885
31,-60.28343490448242,0.00028425547706801917,-0.3116415610296601,0.0009715591168077939,5.340576171875e-05,0.0002821875004889289,-0.0145263671875,0.04175421523861588,nan,nan,nan,nan,0.05502653121948242
32,-60.28351311303814,0.0002608634385035301,-0.31321041137733835,0.001046794469711591,-0.0001201629638671875,0.0002799793416409138,-0.015367507934570312,0.0417350468296408,nan,nan,nan,nan,0.055324395497639976
33,-60.2835497078499,0.00024279885707783716,-0.3103044164181897,0.0010893191136544234,-2.47955322265625e-05,0.0002808577819056224,-0.018617630004882812,0.04176557998092915,nan,nan,nan,nan,0.05484167734781901
34,-60.28407537234516,0.0002294843641214009,-0.3108580983130851,0.001012994692920445,0.0002841949462890625,0.0002866716357579533,-0.018053054809570312,0.04177560649095971,nan,nan,nan,nan,0.05490684509277344
35,-60.28395849496261,0.0002222995082917556,-0.3109929904078729,0.001031977850010568,-0.0001201629638671875,0.00027486507285602515,-0.018537521362304688,0.0417741227715471,nan,nan,nan,nan,0.05488999684651693
36,-60.28373312967893,0.0002326870899034562,-0.3107669064521379,0.0010248390493205548,-0.0001621246337890625,0.0002910122053126442,-0.018316268920898438,0.041771367758091475,nan,nan,nan,nan,0.05479892094930013
37,-60.28309856879894,0.00026584507006625663,-0.31428732652810776,0.001104971221559886,-0.0002841949462890625,0.00029433571446228014,-0.018224716186523438,0.041714232839885984,nan,nan,nan,nan,0.054934183756510414
38,-60.283776944269995,0.00025424361249008455,-0.3113851847774526,0.0009884395865506744,0.000171661376953125,0.0002742617427107637,-0.016689300537109375,0.04172145019424204,nan,nan,nan,nan,0.0550386110941569
39,-60.28400825746221,0.0001998179386618287,-0.31147520801710304,0.000993085898692681,0.00084686279296875,0.0002918740071312088,-0.014278411865234375,0.04176618594742586,nan,nan,nan,nan,0.054668267567952476
40,-60.283682891401206,0.00021895670430425025,-0.3107215728432702,0.0010082574770947576,8.392333984375e-05,0.0002831768434631963,-0.015300750732421875,0.04176463012293298,nan,nan,nan,nan,0.054511706034342446
41,-60.28335048432301,0.0002293305901734008,-0.3129386612943425,0.0010087319270065814,0.000347137451171875,0.000287885226524433,-0.017826080322265625,0.041735154464560435,nan,nan,nan,nan,0.0546720822652181
42,-60.283673387892435,0.00019397789409682578,-0.3114856833144114,0.0010038572937112334,-6.67572021484375e-05,0.0002845250677942332,-0.018964767456054688,0.041753835039686195,nan,nan,nan,nan,0.05475012461344401
43,-60.283791346306934,0.00019524409625018224,-0.30927829153570985,0.0010416497503250486,0.00037384033203125,0.0002769202802032536,-0.01888275146484375,0.041796380580496735,nan,nan,nan,nan,0.05445528030395508
44,-60.28388028933414,0.00018983950734516119,-0.31142137361471506,0.0010206181774804655,0.0005950927734375,0.00029034253937475007,-0.018642425537109375,0.04177029813286057,nan,nan,nan,nan,0.05465348561604818
45,-60.28354172623525,0.0002916664463950784,-0.3115357208369953,0.00104945083184811,1.9073486328125e-06,0.0003034123376002176,-0.019254684448242188,0.04173703877838467,nan,nan,nan,nan,0.05452458063761393
46,-60.28371774619819,0.00021879460677006452,-0.30973101671563974,0.0010464000134458552,-0.0002613067626953125,0.00027916666250701617,-0.022878646850585938,0.04178376681473416,nan,nan,nan,nan,0.054599761962890625
47,-60.28351612784486,0.00018850704899087462,-0.31167616313892527,0.001010032427188931,-0.000152587890625,0.00029511251015904434,-0.02362823486328125,0.04171740339304607,nan,nan,nan,nan,0.0544743537902832
48,-60.283724116608354,0.00017591022471486728,-0.31073464276719714,0.0009929529496689605,0.00028228759765625,0.0002857283293931653,-0.02553558349609375,0.04177286590915639,nan,nan,nan,nan,0.05416059494018555
49,-60.283691141680926,0.00017683692133607727,-0.3112020020675804,0.0010404779777271928,0.000415802001953125,0.00028521833357043284,-0.02567291259765625,0.04176143029557568,nan,nan,nan,nan,0.054416656494140625
50,-60.28370009717357,0.00014666840675643745,-0.31103216743564205,0.0010739973810270794,0.000213623046875,0.00028656921433029887,-0.026073455810546875,0.04176197267995386,nan,nan,nan,nan,0.054320971171061196
51,-60.283717419574636,0.00019733044063926445,-0.31054439810489254,0.001012917577691937,-2.6702880859375e-05,0.00027727901371238714,-0.022533416748046875,0.041763311900214324,nan,nan,nan,nan,0.05419111251831055
52,-60.283651137040884,0.00017934454821067527,-0.30947438983504116,0.001010482803447557,-0.000614166259765625,0.0002813548852094143,-0.02196502685546875,0.04178708386900081,nan,nan,nan,nan,0.054444471995035805
53,-60.283699904305905,0.00016995505300851658,-0.3095638575950739,0.0009868377403845845,0.0001373291015625,0.00027586008399076796,-0.022403717041015625,0.0417832330446603,nan,nan,nan,nan,0.05440394083658854
54,-60.283528816211444,0.00019028589483920046,-0.31136863932789666,0.001007902067838993,0.00040435791015625,0.00029008144652130954,-0.022319793701171875,0.041761504694068044,nan,nan,nan,nan,0.054436683654785156
55,-60.2832926503506,0.00025996683867081534,-0.30985148143520214,0.0009895927645254686,-0.000213623046875,0.0002753560155653076,-0.02252197265625,0.041779890102089046,nan,nan,nan,nan,0.05447832743326823
56,-60.28358407847142,0.00017459251979627416,-0.31176837363237453,0.0009673400386423504,-0.0003261566162109375,0.00027980153487651617,-0.022287368774414062,0.041750982336550384,nan,nan,nan,nan,0.05467907587687174
57,-60.28393505040737,0.0001794791895544714,-0.31113130426229185,0.0010814225756976624,-0.0003604888916015625,0.00029577579671093775,-0.022626876831054688,0.04176708727218693,nan,nan,nan,nan,0.05437548955281576
58,-60.283905010707805,0.00015479629914833234,-0.31139745397675545,0.0010697082235356064,0.000644683837890625,0.0003033635883126694,-0.021701812744140625,0.04176858462584575,nan,nan,nan,nan,0.05434401830037435
59,-60.28377077007635,0.00014428094331875766,-0.3098983288039647,0.0010586743937082818,0.0003490447998046875,0.0002839682256937863,-0.022504806518554688,0.0417849890684639,nan,nan,nan,nan,0.05435895919799805
60,-60.28362866338569,0.0001749511399680044,-0.3109128909360134,0.000984846997415313,-7.62939453125e-06,0.000295423421372261,-0.021884918212890625,0.04176854391818977,nan,nan,nan,nan,0.05436865488688151
61,-60.283847869772906,0.00017192874592434043,-0.3117226928977389,0.0010670693810670307,0.0005207061767578125,0.00027723845831292485,-0.022886276245117188,0.041753690193924504,nan,nan,nan,nan,0.05440855026245117
62,-60.28386979499539,0.00016618313537472798,-0.3110967899589189,0.0010002281095860075,-0.00040435791015625,0.00027657356743870953,-0.022106170654296875,0.04177492664503172,nan,nan,nan,nan,0.05437596638997396
63,-60.28394253050086,0.0001441218430706166,-0.30976877472454123,0.0010451788315792672,-0.000278472900390625,0.00029521645638926075,-0.022308349609375,0.04179031590897572,nan,nan,nan,nan,0.05439551671346029
64,-60.283713662483535,0.00016378629012811835,-0.3115914267340137,0.0010189875868079044,-0.000492095947265625,0.0002902054116698442,-0.022113800048828125,0.04176579392835229,nan,nan,nan,nan,0.05444637934366862
65,-60.28369158518166,0.00014739316374694136,-0.31190798143692955,0.0010321548744482057,-0.0001926422119140625,0.00028423383415904696,-0.022016525268554688,0.04175482134162489,nan,nan,nan,nan,0.05433972676595052
66,-60.28368327477397,0.00018833413095255838,-0.31203588300796686,0.0010117136799272113,-0.000110626220703125,0.00029509974906694346,-0.022708892822265625,0.041750734530633694,nan,nan,nan,nan,0.05446052551269531
67,-60.28390460920554,0.0001545430687227614,-0.3110852767465728,0.001023792766140859,-0.000469207763671875,0.0002685625761096742,-0.02194976806640625,0.041771578140131334,nan,nan,nan,nan,0.05419095357259115
68,-60.28349950327252,0.0001802942691567456,-0.31145615903542584,0.0010283423152878082,0.0006008148193359375,0.0003051114084292616,-0.022558212280273438,0.041758849774229015,nan,nan,nan,nan,0.05447085698445638
69,-60.28347495636179,0.00020453505589523404,-0.3100689071820593,0.0009850176411962325,0.000152587890625,0.0002907533878216962,-0.022327423095703125,0.041782876508207084,nan,nan,nan,nan,0.054252306620279946
70,-60.28370165743334,0.00016187419685280037,-0.30942540799694823,0.0010301891033219542,0.0001239776611328125,0.0002928680756495528,-0.022684097290039062,0.04179993534030917,nan,nan,nan,nan,0.05399020512898763
71,-60.28357411350113,0.00020648094422854186,-0.3108820391870143,0.0010640173186674162,0.0003070831298828125,0.0002816965581559522,-0.021780014038085938,0.04178048325525948,nan,nan,nan,nan,0.054279168446858726
72,-60.28388329177542,0.0001514747180485088,-0.31100801539373624,0.0010301502356145093,0.00074005126953125,0.0002857331039657717,-0.020542144775390625,0.041740493105291314,nan,nan,nan,nan,0.05431302388509115
73,-60.28369455063343,0.0001622509981864283,-0.31057811102363464,0.000994981590326949,-0.0003795623779296875,0.0002956922809087176,-0.018964767456054688,0.04178011905252183,nan,nan,nan,nan,0.05433956782023112
74,-60.28382080864116,0.0001561571241815429,-0.31031133461447513,0.001015364626515816,0.000164031982421875,0.00027754088567979025,-0.018032073974609375,0.04177654844248188,nan,nan,nan,nan,0.0543664296468099
75,-60.283707833331285,0.0002171275538770649,-0.30980083085361476,0.001026560811654028,-0.000514984130859375,0.00027712152560554365,-0.01806640625,0.04178565562850407,nan,nan,nan,nan,0.05420001347859701
76,-60.28352272888505,0.00017437206237906405,-0.3099496049270527,0.0009748417177537675,-0.00057220458984375,0.0003051293978608996,-0.019672393798828125,0.04176052248105341,nan,nan,nan,nan,0.05389610926310221
77,-60.28375283858897,0.00016665630160246078,-0.31231329155988896,0.0010451849337734585,-7.62939453125e-06,0.0002961982161070286,-0.0220947265625,0.04174559795854317,nan,nan,nan,nan,0.0545811653137207
78,-60.28389902706706,0.00015332500580446655,-0.31028087062891585,0.0010530872062303525,-1.33514404296875e-05,0.00031386697811540474,-0.021543502807617188,0.0417855247346411,nan,nan,nan,nan,0.05417982737223307
79,-60.28373976610367,0.00014087101613872243,-0.3094090259400396,0.001019116439524245,3.62396240234375e-05,0.00029716892583659424,-0.022695541381835938,0.041788664214719044,nan,nan,nan,nan,0.05390628178914388
80,-60.28391952317071,0.00015352222700019396,-0.31177910829929983,0.0009899814222336636,7.43865966796875e-05,0.0002884957291365932,-0.021631240844726562,0.041768205171151936,nan,nan,nan,nan,0.05423402786254883
81,-60.28344663861584,0.00030427197058195113,-0.31253345493144435,0.0010417021277026731,0.000232696533203125,0.0002901611409840033,-0.01921844482421875,0.04172605897312472,nan,nan,nan,nan,0.054397900899251304
82,-60.28375423066714,0.00015307415942281258,-0.3115038550954853,0.0009843746208205732,-0.0002460479736328125,0.00027116902391850344,-0.018869400024414062,0.041766843108765134,nan,nan,nan,nan,0.054510275522867836
83,-60.28361117180928,0.00021034998756850053,-0.31000140357865247,0.0010521036608696598,-0.00043487548828125,0.0002784367678337224,-0.017711639404296875,0.04180316737157493,nan,nan,nan,nan,0.05395825703938802
84,-60.28367094595005,0.00016252878144808747,-0.3105814716449884,0.0010225510355349962,0.0004425048828125,0.00028507604919437003,-0.018825531005859375,0.04179104188754856,nan,nan,nan,nan,0.05440950393676758
85,-60.283662572365536,0.00015766146463111466,-0.310388338276674,0.0010383184204072458,8.58306884765625e-05,0.0002893206141933244,-0.014783859252929688,0.0417817214710271,nan,nan,nan,nan,0.054044882456461586
86,-60.28347303584277,0.00018849173522422362,-0.3119282434835805,0.0009930240647430834,0.0001659393310546875,0.00029246700055694666,-0.014146804809570312,0.041765755715676485,nan,nan,nan,nan,0.0544579823811849
87,-60.28361492043678,0.0001860566554020129,-0.30951063992912986,0.0010418123338544062,-7.62939453125e-05,0.00029203541296784563,-0.0115203857421875,0.04179635293016159,nan,nan,nan,nan,0.05407222112019857
88,-60.28376020739287,0.00017069718579823445,-0.31134068789221425,0.0010452881596283562,-7.2479248046875e-05,0.0002732584284425172,-0.0133514404296875,0.041740028795582945,nan,nan,nan,nan,0.0541383425394694
89,-60.283810293671124,0.00015834491537518544,-0.3107259741470306,0.0010376876036053207,-3.4332275390625e-05,0.00028547451563669336,-0.0143585205078125,0.04177913449756581,nan,nan,nan,nan,0.05406109491984049
90,-60.283949173586365,0.00015310719569446078,-0.309944062053762,0.0010318109412824012,-0.0001621246337890625,0.000285929873784487,-0.014234542846679688,0.041790371950681235,nan,nan,nan,nan,0.05449946721394857
91,-60.28376319282853,0.00015491036581133347,-0.3121444858543844,0.0010275180169710598,0.0003795623779296875,0.00027070682929954533,-0.014394760131835938,0.04175789670736547,nan,nan,nan,nan,0.05428600311279297
92,-60.28385321789944,0.0001526976112483754,-0.31038216769406035,0.0010346950420215635,2.288818359375e-05,0.0002849027201735547,-0.01490020751953125,0.041789835741422726,nan,nan,nan,nan,0.054417928059895836
93,-60.283865875737156,0.00015457619758325387,-0.3106339459717963,0.0010242410046844021,0.000244140625,0.0002884577114167719,-0.01495361328125,0.041781812932358886,nan,nan,nan,nan,0.054139137268066406
94,-60.283684048629766,0.00015541100602089704,-0.3103251416597176,0.0010187967754447475,5.14984130859375e-05,0.00029871525287907365,-0.014986038208007812,0.04177707356199547,nan,nan,nan,nan,0.05432844161987305
95,-60.28360373864515,0.00016957386637403364,-0.3095883624191938,0.0009563453509096069,8.58306884765625e-05,0.00028976037740467356,-0.011289596557617188,0.041808805853001424,nan,nan,nan,nan,0.05414104461669922
96,-60.28374153631417,0.00014690916803186755,-0.3100762652046698,0.0010107920846568895,0.0003337860107421875,0.0002829902869289136,-0.010831832885742188,0.04179974362426373,nan,nan,nan,nan,0.05406490961710612
97,-60.28389755066519,0.00013652391073713482,-0.31137640591639115,0.0009849228638606732,-0.0002498626708984375,0.0003068489604787638,-0.010789871215820312,0.04178164618170145,nan,nan,nan,nan,0.054182847340901695
98,-60.28377794161052,0.00016045175558416795,-0.31188065216369715,0.001037591899159774,-0.000213623046875,0.0002883031751386514,-0.01114654541015625,0.041769271199900086,nan,nan,nan,nan,0.05431493123372396
99,-60.28385124704205,0.00014916952014062834,-0.3109461975589471,0.0010341727875734876,0.0005092620849609375,0.00028879654148669155,-0.011873245239257812,0.041778466411665494,nan,nan,nan,nan,0.0543971061706543
100,-60.28375565068339,0.00016375859917024764,-0.31108782086805387,0.001018767638733101,6.866455078125e-05,0.00027979880495165166,-0.01096343994140625,0.04177965028494359,nan,nan,nan,nan,0.054448445638020836
101,-60.283646170189364,0.0001442076310071313,-0.31095638261357816,0.0009680712726127758,-1.33514404296875e-05,0.0002811958769366967,-0.011121749877929688,0.041779421447419515,nan,nan,nan,nan,0.0540614128112793
102,-60.28359294970476,0.00014553678610011806,-0.3103725536501451,0.0009995257416326492,9.72747802734375e-05,0.00027779221575398354,-0.010931015014648438,0.041791237023804384,nan,nan,nan,nan,0.05402294794718424
103,-60.28375345982379,0.00015559897303428236,-0.31122885368182396,0.001070454461913425,-0.0001735687255859375,0.00029539175564842685,-0.010931015014648438,0.04177644353007533,nan,nan,nan,nan,0.05428759256998698
104,-60.2838262299956,0.00014828839684890096,-0.3120660057044227,0.001033855223460704,0.0002231597900390625,0.0002829200751914313,-0.011255264282226562,0.041781134456260104,nan,nan,nan,nan,0.05439678827921549
105,-60.283583910010215,0.00017354612570920767,-0.3106522147957778,0.0009620123155028214,0.0,0.00027757001851170507,-0.011196136474609375,0.041779024367137624,nan,nan,nan,nan,0.054070472717285156
106,-60.28382369167759,0.00014297715087382702,-0.311030275985724,0.0010715018278160133,0.0002651214599609375,0.0002979939327150721,-0.010766983032226562,0.04178970005429592,nan,nan,nan,nan,0.054146130879720054
107,-60.28393361815107,0.00015218626827078624,-0.30961323946990016,0.0010169104383152543,0.000133514404296875,0.0002737323048251331,-0.01103973388671875,0.04179098120604934,nan,nan,nan,nan,0.054082234700520836
108,-60.28350208937758,0.00018026249863571038,-0.30966453032924157,0.0010429332197744376,2.47955322265625e-05,0.0002844231599502315,-0.010698318481445312,0.041800685981314055,nan,nan,nan,nan,0.05408048629760742
109,-60.28354361085059,0.0001577280741219052,-0.31108268938691663,0.0009930854061078324,0.00014495849609375,0.0002935750887545983,-0.011264801025390625,0.041780677398161305,nan,nan,nan,nan,0.05454699198404948
110,-60.283812258447234,0.00018061891099398667,-0.30897780570910816,0.0009921355709121829,-0.0004634857177734375,0.0002837252090070637,-0.011327743530273438,0.04181417539123864,nan,nan,nan,nan,0.054252942403157554
111,-60.28343901690384,0.00016872613759672835,-0.3101946918687636,0.0010191599344048503,0.00043487548828125,0.00027191908093750574,-0.011157989501953125,0.041786849817020764,nan,nan,nan,nan,0.05393441518147787
112,-60.2836591421399,0.00015086871154144886,-0.312168439603391,0.001002819830900347,-4.57763671875e-05,0.00028389956978439756,-0.010772705078125,0.041775724036328454,nan,nan,nan,nan,0.05448611577351888
113,-60.283833632245624,0.00013154690151408633,-0.30920284929197717,0.001028133673602138,0.0002994537353515625,0.00026921911722143933,-0.010625839233398438,0.04180841940213856,nan,nan,nan,nan,0.05399767557779948
114,-60.28362249723939,0.00014834030219864095,-0.3124768328493014,0.0009868692627205873,-0.00030517578125,0.0003155033694267677,-0.011142730712890625,0.04175948233638699,nan,nan,nan,nan,0.0545037587483724
115,-60.28378454385858,0.00014913584203646158,-0.31108769801345515,0.0010039109392676532,0.0005207061767578125,0.00028037009932432416,-0.010702133178710938,0.04177408032958928,nan,nan,nan,nan,0.05431095759073893
116,-60.28363511242505,0.00013876148666719073,-0.3086678488461103,0.0009881438863640478,0.0003490447998046875,0.00027739690462095314,-0.011247634887695312,0.04182516896404082,nan,nan,nan,nan,0.05421145757039388
117,-60.28399594203052,0.0001476149403345321,-0.3102909745191413,0.0010181061614219279,0.0002269744873046875,0.00027806331479882015,-0.011781692504882812,0.04178765658437796,nan,nan,nan,nan,0.054124673207600914
118,-60.28376493698738,0.0001652891698623751,-0.3097317842920333,0.0009817743678768906,0.0001850128173828125,0.0002911230339930793,-0.010488510131835938,0.04179812423702953,nan,nan,nan,nan,0.05379152297973633
119,-60.28376734996618,0.00013450284061842558,-0.3093666612223559,0.0010040890885323504,0.0004978179931640625,0.0002756626991213134,-0.011354446411132812,0.041814717455435524,nan,nan,nan,nan,0.053925514221191406
120,-60.28367421518367,0.0001587773869929955,-0.31008863278971943,0.0010349268208259337,0.0001049041748046875,0.00029199938913787864,-0.009073257446289062,0.041748421129434894,nan,nan,nan,nan,0.05406109491984049
121,-60.28368818795831,0.00016433823917316615,-0.3097435246021084,0.0010711051370152058,-8.96453857421875e-05,0.00029439161867747066,-0.0065135955810546875,0.041801478624588044,nan,nan,nan,nan,0.054135799407958984
122,-60.283560345822494,0.00016177726106861689,-0.30897041284333704,0.0009634039404050195,-9.5367431640625e-05,0.0002692208723322351,-0.007152557373046875,0.04180773460432693,nan,nan,nan,nan,0.0539396603902181
123,-60.28401557002756,0.00014584714706221907,-0.31097621906027195,0.0009984582234509208,2.6702880859375e-05,0.00028865701781502994,-0.0073394775390625,0.041787122954790944,nan,nan,nan,nan,0.05407015482584635
124,-60.28366824863768,0.00017338753500294204,-0.3107698391299888,0.0010244400747304002,-0.0004253387451171875,0.00028091738007936636,-0.0073070526123046875,0.0417787375562273,nan,nan,nan,nan,0.05397987365722656
125,-60.28382281874003,0.00014964833453080668,-0.3102034637547837,0.001014214724742862,-0.0004634857177734375,0.000294187550728253,-0.0073680877685546875,0.0417981615112417,nan,nan,nan,nan,0.054126898447672524
126,-60.28380246246945,0.00013947499496478659,-0.3112299603677861,0.0010550476628397782,-0.0004024505615234375,0.0002759666859830859,-0.0075817108154296875,0.0417868940099149,nan,nan,nan,nan,0.054290453592936196
127,-60.28380680480131,0.00013521722625931454,-0.3109292867775646,0.0010546838658404185,-0.000186920166015625,0.0002910394159534215,-0.00772857666015625,0.04178785313396564,nan,nan,nan,nan,0.05426486333211263
128,-60.28370788452289,0.00013761888873121833,-0.31098076981574674,0.0010202811910946354,-0.000873565673828125,0.0002732126600481309,-0.007541656494140625,0.041785788861338956,nan,nan,nan,nan,0.05423418680826823
129,-60.283759558960476,0.00014367702316017987,-0.31011602131484417,0.0010019178845385626,-0.00046539306640625,0.000302106916721179,-0.00621795654296875,0.04175931581551019,nan,nan,nan,nan,0.05408827463785807
130,-60.28366787733794,0.0001416795040435304,-0.3095296440248944,0.0010228702360921618,-2.6702880859375e-05,0.0002847998996122624,-0.00360107421875,0.04180748068046935,nan,nan,nan,nan,0.05415964126586914
131,-60.283825679697664,0.00017441903145987858,-0.30966152335352604,0.0010231538940057713,-0.00035858154296875,0.0002833357807430172,-0.00411224365234375,0.04179721811953359,nan,nan,nan,nan,0.05423514048258463
132,-60.28370491912057,0.00014052590535723435,-0.30995461111587896,0.0010040501538549705,-0.0002384185791015625,0.00028877587374417826,-0.0037708282470703125,0.04179569308246999,nan,nan,nan,nan,0.05407142639160156
133,-60.28382529786974,0.00013937285929697425,-0.30999380328923853,0.0010603422359248243,0.0003871917724609375,0.0002996936594539085,-0.0038433074951171875,0.041798124255388876,nan,nan,nan,nan,0.05408191680908203
134,-60.28390356338083,0.00012819036204325194,-0.31053125756580646,0.001035325859881469,-2.6702880859375e-05,0.0002783527976681341,-0.00370025634765625,0.041796043862878864,nan,nan,nan,nan,0.05431826909383138
135,-60.2837441676305,0.00015112083001735387,-0.31061782564686824,0.001030030307318838,0.0001316070556640625,0.0002828778794999772,-0.0043811798095703125,0.041779332814990494,nan,nan,nan,nan,0.05449962615966797
136,-60.28350970452159,0.00017486224633043448,-0.3106665943306788,0.0010234576872685296,0.0002117156982421875,0.0002987357086751833,-0.0035953521728515625,0.04178815804964866,nan,nan,nan,nan,0.054183006286621094
137,-60.283835835553596,0.00013208812888489772,-0.3108296875880878,0.0010313821134857,8.392333984375e-05,0.00027521539668324066,-0.004146575927734375,0.041790768560821805,nan,nan,nan,nan,0.05408048629760742
138,-60.28356213213802,0.00014666002665229103,-0.30990058956680033,0.0010005668921067086,0.0005054473876953125,0.0002769128775558536,-0.0032787322998046875,0.04179440712389462,nan,nan,nan,nan,0.054105917612711586
139,-60.28373866874421,0.00014213278497742518,-0.3107257699556941,0.0009759665828161969,0.0003261566162109375,0.00028363684233658143,-0.0039463043212890625,0.04179134593699939,nan,nan,nan,nan,0.05404949188232422
140,-60.28374828622127,0.00013573782406847674,-0.3103889850835288,0.001016288166551482,4.76837158203125e-05,0.0002759517520813237,-0.0038242340087890625,0.04179535945952787,nan,nan,nan,nan,0.054246107737223305
141,-60.283810103677446,0.00013534698216536583,-0.31137661644838965,0.0010301615881130835,0.0005474090576171875,0.0002882313856620578,-0.0035953521728515625,0.041783798062180216,nan,nan,nan,nan,0.053881327311197914
142,-60.28364526516802,0.00013435912497813078,-0.30896801222160775,0.0010199682888276495,0.0001392364501953125,0.00028121972948754684,-0.0035762786865234375,0.041810143178196736,nan,nan,nan,nan,0.05418093999226888
143,-60.28382725231866,0.00013611080312895044,-0.31094392831744455,0.0009762604016429905,0.0002040863037109375,0.00028164661081677095,-0.0037059783935546875,0.04177852062983392,nan,nan,nan,nan,0.05439631144205729
144,-60.283702540060766,0.00014889033925185352,-0.31063872031047607,0.0010527647187413623,0.000400543212890625,0.00027913750540052833,-0.00394439697265625,0.04179383208686083,nan,nan,nan,nan,0.05420891443888346
145,-60.283698192993135,0.0001520093572872312,-0.31257065981000653,0.0010018907110359203,0.00051116943359375,0.00028534929205937626,-0.00330352783203125,0.041763703359025954,nan,nan,nan,nan,0.054201602935791016
146,-60.28369861064129,0.00014931423757879998,-0.3112420880252099,0.0010202189085749555,-8.0108642578125e-05,0.00029606668052896006,-0.004138946533203125,0.041780835242593774,nan,nan,nan,nan,0.053997198740641274
147,-60.28363509459117,0.0001286644644694499,-0.3078303725434448,0.0010001340979928477,-6.866455078125e-05,0.00029743307811105175,-0.0038299560546875,0.041836188783667544,nan,nan,nan,nan,0.05384508768717448
148,-60.28371889779435,0.00015139331758197539,-0.30925438511919423,0.001011670965882916,-0.0002536773681640625,0.00029822084312114004,-0.0039882659912109375,0.04180725858484371,nan,nan,nan,nan,0.053877035776774086
149,-60.2840552816319,0.00013340904858258438,-0.3100777286462477,0.000978026101974517,-0.0001811981201171875,0.0002792906384744729,-0.0039310455322265625,0.04180128669940475,nan,nan,nan,nan,0.054022630055745445
150,-60.283615737261336,0.00025603448208194623,-0.3116985067475498,0.0009554498622313761,-0.000148773193359375,0.00027857815822228757,-0.003662109375,0.04177923633879479,nan,nan,nan,nan,0.054372151692708336
151,-60.2837545829425,0.00013634679673036582,-0.310735394893186,0.0010782409100993993,0.0003299713134765625,0.00029200844113629374,-0.0041522979736328125,0.04178080892777528,nan,nan,nan,nan,0.05422401428222656
152,-60.283714736206825,0.00015710138835627104,-0.3101697173799155,0.0010198592687301064,3.814697265625e-06,0.00028517249136622336,-0.003597259521484375,0.04180893022369524,nan,nan,nan,nan,0.05417060852050781
153,-60.28368025753221,0.00014504619748351605,-0.3125205468649925,0.001048372686714573,-0.000232696533203125,0.0002855226983844425,-0.0036163330078125,0.04175954257838715,nan,nan,nan,nan,0.05422623952229818
154,-60.28377354577413,0.00012313461028643267,-0.30858182113894034,0.001012027752940232,-9.5367431640625e-06,0.00029136241663571023,-0.0041751861572265625,0.041826079394471374,nan,nan,nan,nan,0.05403455098470052
155,-60.28389630901787,0.00013684407674166078,-0.31008665288617976,0.000994314371025802,-0.000110626220703125,0.00029392625933391113,-0.00397491455078125,0.041805595556639846,nan,nan,nan,nan,0.054170449574788414
156,-60.28382135701613,0.0001285244536010212,-0.3089458125726424,0.001015684266083073,7.82012939453125e-05,0.00027192742955792324,-0.0029125213623046875,0.04181320624483592,nan,nan,nan,nan,0.054117043813069664
157,-60.28354724752766,0.0002573687204731165,-0.31065158951788985,0.001009909815332654,8.7738037109375e-05,0.00028034694751209445,-0.00409698486328125,0.04177800752123445,nan,nan,nan,nan,0.054368813832600914
158,-60.28388428229089,0.00014287999557776614,-0.31020417453901467,0.001018808711673039,-0.0002040863037109375,0.0002817628382223271,-0.0043582916259765625,0.041792407647938054,nan,nan,nan,nan,0.0544740358988444
159,-60.283926043228064,0.00014634512994746903,-0.3105583461485166,0.0009707919350404816,-0.0002079010009765625,0.0002840335754029676,-0.0038852691650390625,0.041803416280846134,nan,nan,nan,nan,0.0542451540629069
160,-60.283633124131924,0.00015607667105001894,-0.31102136964152227,0.0010090181885827653,4.57763671875e-05,0.00027174781886485084,-0.003414154052734375,0.04178909438268931,nan,nan,nan,nan,0.05418872833251953
161,-60.283710366993894,0.00015236696265683844,-0.3108108600083136,0.0010253719501440329,-0.0003337860107421875,0.0002779314286412699,-0.0040721893310546875,0.041787557482900556,nan,nan,nan,nan,0.05420351028442383
162,-60.28364680316936,0.0001641371242580121,-0.31221526083192547,0.0010061643186653423,0.0002040863037109375,0.00027839867812370765,-0.0036334991455078125,0.041763061019077896,nan,nan,nan,nan,0.05425580342610677
163,-60.28395237267032,0.000140125557855145,-0.30909646924549194,0.0010119152341649717,-0.0001926422119140625,0.00026728125064532103,-0.0038394927978515625,0.04180760670792136,nan,nan,nan,nan,0.05422210693359375
164,-60.28376055900141,0.00013111614321473176,-0.3115368868897764,0.001033024794852279,-8.58306884765625e-05,0.00029322993116399606,-0.0034580230712890625,0.04178195542963198,nan,nan,nan,nan,0.05418093999226888
165,-60.28385142948865,0.0001382728838815968,-0.31231059036018705,0.0010248167851120403,0.0001678466796875,0.0002898471836068414,-0.00379180908203125,0.04176321807405228,nan,nan,nan,nan,0.05420621236165365
166,-60.28381019541146,0.00012872577860250492,-0.311255647715833,0.001095194335993487,0.0003032684326171875,0.00028689987302502783,-0.0068073272705078125,0.041786238795891786,nan,nan,nan,nan,0.05425453186035156
167,-60.28398442316204,0.00011292596563098096,-0.3076464390819048,0.0010768349083251606,0.00012969970703125,0.0002786359489285374,-0.0074005126953125,0.04183307740837616,nan,nan,nan,nan,0.05393377939860026
168,-60.28366742986267,0.00014752861041332523,-0.3098385384088071,0.0010217013171315208,-4.57763671875e-05,0.00028594250985475273,-0.007404327392578125,0.04181110203845082,nan,nan,nan,nan,0.05397605895996094
169,-60.28374245769968,0.00018083203552168883,-0.31009977394610744,0.0009910470398753791,-0.000141143798828125,0.0002980430119620759,-0.0068817138671875,0.04180648888230346,nan,nan,nan,nan,0.05395809809366862
170,-60.28375313890854,0.00012689738469420377,-0.3122835875910788,0.0010012624090749566,-9.5367431640625e-05,0.000288414305730131,-0.007335662841796875,0.04175389085518462,nan,nan,nan,nan,0.05416727066040039
171,-60.28386872420392,0.00012554238232372655,-0.3105682257160011,0.0009906482586053205,0.0001430511474609375,0.00028855867457885687,-0.0069980621337890625,0.0417981322634621,nan,nan,nan,nan,0.054092089335123696
172,-60.2837392910614,0.00012883932582631732,-0.3106980571615999,0.0010575919622215983,1.9073486328125e-05,0.0002753051759851474,-0.007404327392578125,0.041792181375283996,nan,nan,nan,nan,0.05411465962727865
173,-60.2839914381579,0.00013704554770662655,-0.311110316395441,0.0009511705230232489,0.000102996826171875,0.0002899941836509826,-0.00705718994140625,0.04179169316375219,nan,nan,nan,nan,0.0540308952331543
174,-60.28376825120224,0.00013110157190103456,-0.31002896145260256,0.00105052756402975,2.09808349609375e-05,0.00029655906309659783,-0.0075016021728515625,0.041797628674590186,nan,nan,nan,nan,0.054146766662597656
175,-60.283789206728834,0.0001360888483176971,-0.3092875564260476,0.0009625919854967227,8.7738037109375e-05,0.00028984085882480666,-0.008075714111328125,0.04181032904644254,nan,nan,nan,nan,0.05422814687093099
176,-60.28380403483483,0.00012120747003664369,-0.3084076945476297,0.0010074881555809487,0.0002727508544921875,0.0002765133285338966,-0.0073261260986328125,0.04183361045720331,nan,nan,nan,nan,0.05381155014038086
177,-60.28362214073993,0.0001336980008566796,-0.3100625554690815,0.0010267888368115435,-5.53131103515625e-05,0.0002832483838012143,-0.0075511932373046875,0.0417913435084122,nan,nan,nan,nan,0.054144064585367836
178,-60.28359904883703,0.0001534173320513992,-0.3123450212992374,0.001014675199841326,-0.0002918243408203125,0.0002861485717024031,-0.0075969696044921875,0.04176168121798491,nan,nan,nan,nan,0.0544587771097819
179,-60.28358248490835,0.00018783493802900428,-0.3124570769679834,0.0010519339987921541,4.00543212890625e-05,0.00027607274493132017,-0.0076923370361328125,0.04175764592071789,nan,nan,nan,nan,0.054323037465413414
180,-60.28357730731371,0.00015123648313039757,-0.31120461428545343,0.0010603213332114401,5.53131103515625e-05,0.000284951485850989,-0.0075626373291015625,0.04178198226232515,nan,nan,nan,nan,0.0540459950764974
181,-60.28370320333669,0.00016232802628318328,-0.3132538242414852,0.0010130382088651272,-0.0003643035888671875,0.0002775683673916377,-0.0048465728759765625,0.04172571627479745,nan,nan,nan,nan,0.05428918202718099
182,-60.28359688758371,0.00013745699463762752,-0.3091867309388867,0.0010012573203761676,-0.0005664825439453125,0.0002901347296176869,-0.0033969879150390625,0.04181465089926225,nan,nan,nan,nan,0.05416440963745117
183,-60.28366965402429,0.00014013943641869592,-0.30892040369800794,0.000990898459508515,-0.0003261566162109375,0.0002873830020534212,-0.0029582977294921875,0.04181369476561486,nan,nan,nan,nan,0.05412483215332031
184,-60.283957395957856,0.00014437750840558006,-0.30941446143039747,0.0010765570942751369,-1.1444091796875e-05,0.00028042520232445157,-0.00392913818359375,0.041811420370008165,nan,nan,nan,nan,0.05411179860432943
185,-60.28368278628903,0.00014564426228933376,-0.31050904720213673,0.0009613584094793951,-8.392333984375e-05,0.0002825852625731341,-0.003704071044921875,0.04180318815455988,nan,nan,nan,nan,0.05403677622477213
186,-60.28378897334685,0.0001314071227794203,-0.30968738345283864,0.0010264185518358067,1.9073486328125e-05,0.000291480096264023,-0.003856658935546875,0.04180563650933674,nan,nan,nan,nan,0.05412022272745768
187,-60.28374510107593,0.00013172493581227048,-0.3096234424648815,0.0009740003672435571,0.000244140625,0.0002727175071978016,-0.005260467529296875,0.041765949501724915,nan,nan,nan,nan,0.05418268839518229
188,-60.283781341145406,0.00016480432582594321,-0.3096866024984376,0.0010370315407252932,1.33514404296875e-05,0.00027458470935402655,-0.0048656463623046875,0.041759728397738984,nan,nan,nan,nan,0.05385589599609375
189,-60.28380018897903,0.00012830984232682435,-0.3107372697687501,0.0010168160712558689,0.000186920166015625,0.00029058906924452283,-0.00316619873046875,0.041797816539491016,nan,nan,nan,nan,0.05417569478352865
190,-60.2837381190807,0.00013192345531592796,-0.3085445474686288,0.000984620068689415,-0.0002346038818359375,0.00029369113178823945,-0.0040454864501953125,0.0418196049116949,nan,nan,nan,nan,0.053769588470458984
191,-60.28373911600849,0.00015547282144405238,-0.30991265757513176,0.001017734425711341,-0.0001773834228515625,0.0002925782495835476,-0.0044422149658203125,0.04177548565656153,nan,nan,nan,nan,0.0541833241780599
192,-60.28372393900896,0.00017701273413092702,-0.3117422115365903,0.0010524137120146943,-0.000690460205078125,0.00028617892629824205,-0.00711822509765625,0.04176725803454768,nan,nan,nan,nan,0.0543061892191569
193,-60.28360292403206,0.00014367780510053362,-0.3117944677880053,0.001096173660993156,0.0001220703125,0.00029257758172981745,-0.00728607177734375,0.04175686086237092,nan,nan,nan,nan,0.05396572748819987
194,-60.283725003512366,0.00013105440138635975,-0.31217044788458675,0.0010427170192236286,8.7738037109375e-05,0.00028664770392925376,-0.00766754150390625,0.04177257894820502,nan,nan,nan,nan,0.05428091684977213
195,-60.28371475259534,0.00014454275763726618,-0.31056659532834374,0.0010305133761810015,0.00017547607421875,0.00026837058658981327,-0.007038116455078125,0.04179400360317662,nan,nan,nan,nan,0.05432764689127604
196,-60.28372608480586,0.00013246387828766044,-0.3095257917976654,0.0010532819220133989,-2.6702880859375e-05,0.00029345671172715225,-0.00685882568359375,0.04180464389134742,nan,nan,nan,nan,0.054210821787516274
197,-60.283882101866986,0.00013183098538427628,-0.3091006817662744,0.0011061473167793062,-5.7220458984375e-06,0.00029067506574499783,-0.0066432952880859375,0.04181205393834647,nan,nan,nan,nan,0.053953965504964195
198,-60.28381253523591,0.0001206774268883422,-0.31017193406502397,0.0009915198558024532,0.00017547607421875,0.00028075931349791757,-0.00775146484375,0.04179770870120935,nan,nan,nan,nan,0.054076035817464195
199,-60.283814359092425,0.00012500822527677834,-0.3100202078016966,0.0010562842324502095,0.0004444122314453125,0.0002873518473792983,-0.0073757171630859375,0.041807609926196164,nan,nan,nan,nan,0.05431667963663737
200,-60.28371362032552,0.0001595853274981116,-0.31019225162510616,0.0010508378105636735,0.00067138671875,0.00027916443542385315,-0.007671356201171875,0.04179422927883645,nan,nan,nan,nan,0.05422560373942057
201,-60.2835851872269,0.00012940975022090768,-0.3092660795320229,0.0009859592207807132,-0.0001430511474609375,0.0002861532399397424,-0.0075664520263671875,0.04180893908854081,nan,nan,nan,nan,0.054204463958740234
202,-60.283531567398526,0.00015285005783175994,-0.3097282056777497,0.001033493478250521,-0.0003414154052734375,0.0002966060201344094,-0.0073757171630859375,0.041796336640564834,nan,nan,nan,nan,0.054042657216389976
203,-60.283893349272496,0.00012593884470268375,-0.3115656859221584,0.0010192133165411342,-0.0002727508544921875,0.00029424560812053554,-0.0072727203369140625,0.041775940659441145,nan,nan,nan,nan,0.05413262049357096
204,-60.283855171277956,0.00014059096008054765,-0.31105516307662995,0.0010184178391585497,-0.000499725341796875,0.00028555455028202365,-0.007823944091796875,0.0417772680180402,nan,nan,nan,nan,0.054312547047932945
205,-60.283714066180835,0.00013059936187599893,-0.30971940871067555,0.0009823188424285365,0.0002536773681640625,0.0002877660768067376,-0.0075855255126953125,0.041789943312929505,nan,nan,nan,nan,0.05420637130737305
206,-60.2836900764771,0.00012118355396219039,-0.3089404822970676,0.001005115406027299,-0.0007476806640625,0.0002878256393161346,-0.007488250732421875,0.0418127418379245,nan,nan,nan,nan,0.0538018544514974
207,-60.283841040191945,0.0001370650224130186,-0.3135949026228411,0.0009759072316474526,-0.0001583099365234375,0.00028879516368320696,-0.007863998413085938,0.0417466181505788,nan,nan,nan,nan,0.05437962214152018
208,-60.28366700774078,0.0001502185593365258,-0.31056051879077745,0.001017486378662484,9.5367431640625e-06,0.0003012581611588855,-0.0066051483154296875,0.04178960828725674,nan,nan,nan,nan,0.05398082733154297
209,-60.28357736487525,0.00013984025741853602,-0.31306246543881605,0.001061817024569515,0.0002288818359375,0.00029039265486756897,-0.007198333740234375,0.04175749268477194,nan,nan,nan,nan,0.05435482660929362
210,-60.28396731148849,0.00014420851286342162,-0.3108773712991104,0.0010317314174219812,5.91278076171875e-05,0.00027743317260840115,-0.0045261383056640625,0.041755964858309305,nan,nan,nan,nan,0.054192543029785156
211,-60.28391129218259,0.00013225858236059552,-0.31139146208362445,0.0010527099909938193,0.000301361083984375,0.00029783505221231025,-0.003406524658203125,0.041781194199113435,nan,nan,nan,nan,0.05397176742553711
212,-60.283606391192045,0.00016349699880510772,-0.31008491406723926,0.0010279831585437126,-0.000392913818359375,0.0002863127709094357,-0.004840850830078125,0.041769731367295164,nan,nan,nan,nan,0.05424785614013672
213,-60.283652198185045,0.00014956303403959985,-0.309237246679137,0.0010523440857141187,-3.814697265625e-06,0.0002854275196688336,-0.007877349853515625,0.0418052379093136,nan,nan,nan,nan,0.0541071891784668
214,-60.28359618169481,0.00017620667210043812,-0.30995036109852436,0.0010467940210821087,-0.0002079010009765625,0.00029649177699337905,-0.0072879791259765625,0.04180003991183248,nan,nan,nan,nan,0.05421606699625651
215,-60.28357884879345,0.0001466747454533364,-0.31016677304182105,0.001027923524664047,0.0001506805419921875,0.0003053355427441844,-0.0076313018798828125,0.04179471011564144,nan,nan,nan,nan,0.05413738886515299
216,-60.28379884249655,0.0001252401540051571,-0.31120141719049826,0.0010382616971779497,0.0003204345703125,0.00027975593528933954,-0.0073699951171875,0.04177455794396011,nan,nan,nan,nan,0.054290453592936196
217,-60.28369573906694,0.00014656010021117265,-0.30813919182078875,0.0009905309279029941,6.4849853515625e-05,0.0002908674908292669,-0.00714874267578125,0.04182677910191963,nan,nan,nan,nan,0.054005940755208336
218,-60.283819969028535,0.00011642923025133008,-0.30877434508641655,0.0010339830353195262,4.1961669921875e-05,0.0002838366425164517,-0.007831573486328125,0.04181979669478689,nan,nan,nan,nan,0.054002602895100914
219,-60.28383732915162,0.0001354026157726793,-0.3105626010171559,0.0010328041290338082,0.000377655029296875,0.0002771859260875064,-0.007366180419921875,0.041793542651333046,nan,nan,nan,nan,0.05424340565999349
220,-60.28387456259153,0.00014019503396977878,-0.31004808317627564,0.0010480220831780166,-0.0003528594970703125,0.00028289365338792026,-0.0071392059326171875,0.04179743399274139,nan,nan,nan,nan,0.054146766662597656
221,-60.28403055978074,0.0001264063728964605,-0.3100534998071297,0.0010285877493802827,0.0001773834228515625,0.00028327888612696443,-0.0077342987060546875,0.0418073831215139,0.8978797197341919,0.0006173250401066309,nan,nan,0.05394728978474935
